{
  "1": {
    "rmse": 8.520237602950372,
    "mape": 0.12216821683186599,
    "train_rows": 854000,
    "valid_rows": 44500
  }
}