{
  "1": {
    "rmse": 8.192876361113703,
    "mape": 0.13592763508018707,
    "train_rows": 854000,
    "valid_rows": 44500
  }
}