{
  "1": {
<<<<<<< HEAD
    "rmse": 7.649561595326956,
    "mape": 0.129900301143877,
=======
    "rmse": 8.552202001417417,
    "mape": 0.13714369415567296,
>>>>>>> 521348a31de2d03e3fa03a0a52b9b7a1c16316dd
    "train_rows": 854000,
    "valid_rows": 44500
  }
}