{
  "1": {
    "rmse": 8.552202001417417,
    "mape": 0.13714369415567296,
    "train_rows": 854000,
    "valid_rows": 44500
  }
}