{
  "1": {
    "rmse": 7.649561595326956,
    "mape": 0.129900301143877,
    "train_rows": 854000,
    "valid_rows": 44500
  }
}