feature,importance
is_payday,0.72013474
is_payday_window,0.13071182
day_of_week,0.039623477
lag_7,0.030800557
lag_1,0.013530304
day_of_month,0.009023967
rolling_mean_7,0.007800891
rolling_std_7,0.0076162745
rolling_mean_14,0.0069373306
lag_5,0.0056515173
lag_6,0.005603309
lag_3,0.0046707564
lag_4,0.004652683
lag_2,0.0037438227
week_of_month,0.0032683257
year,0.002814909
month,0.0012388855
weekofyear,0.0012082515
quarter,0.0009681968
